question_id,subsection_id,photo_report_count,report_messages,first_report_at,last_report_at,flagged,visible,question,answer
(7ad=Wj*`,congenital-syndromes,2,Need image | No image,2026-04-25 17:24:39.193999,2026-04-29 20:09:43.316646,true,false,"A 12-month-old male infant presents with a congenital facial abnormality that has been present since birth. What syndrome is most likely responsible for this condition?
A) Apert syndrome
B) Crouzon syndrome
C) Goldenhar syndrome
D) Saethre-Chotzen syndrome
E) Treacher Collins syndrome","E)
Treacher Collins syndrome is the correct diagnosis. This condition, also called mandibulofacial dysostosis or Franceschetti-Zwahlen-Klein syndrome, characteristically presents with bilateral lower eyelid colobomas as shown in this case. It follows an autosomal dominant inheritance pattern with variable expression and occurs in approximately 1 in 7,000 births. The syndrome encompasses multiple facial abnormalities including lower lid colobomas, hypoplastic cheekbones, cleft lateral orbital walls, underdeveloped jaw, downward-slanting eyes, ear malformations, extended sideburns, anterior open bite, cleft palate, and enlarged mouth opening. A) Apert syndrome is incorrect because it primarily involves craniosynostosis with bicoronal suture fusion, midface hypoplasia, and syndactyly of digits, but does not cause eyelid colobomas. B) Crouzon syndrome is incorrect as it features craniosynostosis and midface underdevelopment without eyelid abnormalities. C) Goldenhar syndrome is incorrect because it presents with epibulbar dermoids and unilateral or bilateral facial underdevelopment (hemifacial microsomia) rather than eyelid colobomas. D) Saethre-Chotzen syndrome is incorrect as it involves craniosynostosis with bicoronal suture involvement and midface hypoplasia but lacks eyelid defects."
sd5k.Y(Dqq,hand-tumors,2,Need image | No photo,2026-04-27 14:18:02.530178,2026-05-05 00:50:23.055564,true,false,"A 24-year-old female presents to the emergency room following a left thumb injury sustained during a basketball game. An unexpected finding is noted on the hand x-ray examination. What is the most probable diagnosis?
A) Enchondromatosis
B) Metachondromatosis
C) Osteochondroma
D) Solitary enchondroma
E) Synovial chondromatosis","D)

The radiographic finding demonstrates characteristics typical of an enchondroma, displaying the pathognomonic ring-and-arc calcification pattern, central medullary location, and involvement of the proximal phalanx. These lesions may cause cortical endosteal scalloping due to expansion. Individual enchondromas represent the most prevalent benign bone tumors, with a particular affinity for the small bones of hands and feet. The proximal phalanx accounts for roughly 50% of cases, with metacarpals and middle phalanges following in frequency. These tumors comprise 12-14% of benign bone neoplasms and 3-10% of all bone tumors, affecting both sexes equally. Individual enchondromas typically present as incidental findings in patients aged 20-40 years. A) Enchondromatosis (Ollier disease) is incorrect because it typically manifests from birth to age 10 and involves multiple lesions. B) Metachondromatosis is incorrect as it's a rare hereditary condition featuring both multiple enchondromas and osteochondromas. C) Osteochondroma is incorrect because it appears as a cartilage-capped bony projection on the external bone surface, not within the medullary cavity. E) Synovial chondromatosis is incorrect as it involves cartilaginous loose bodies within joint synovium, not intraosseous lesions."
prRN)*T1:V,skin-lesions,2,Need image | Was there to be a photo with this one? or MRI?,2026-04-24 12:45:14.989233,2026-04-28 16:39:36.68432,true,false,"A term infant is delivered by cesarean section due to a prenatally identified mass in the back of the neck. An MRI has been obtained. Following delivery, the infant shows no signs of respiratory distress. What is the most appropriate initial management approach?
A) Propranolol therapy
B) Tissue biopsy via incision
C) Sclerotherapy treatment
D) Complete surgical removal
E) Watchful waiting","C)
This represents a macrocystic lymphatic malformation (previously called cystic hygroma) that was identified before birth. Sclerotherapy is now the preferred initial treatment for these lesions in newborns, as it can be safely performed and is less risky than surgical resection in this age group, especially when the malformation extends toward central structures. A) Propranolol is incorrect because it is used for infantile hemangiomas, which don't begin proliferating until after birth and appear as vascular masses rather than cystic structures. B) Incisional biopsy is incorrect because the diagnosis can be made based on imaging characteristics, and biopsy is unnecessary. D) Surgical resection is incorrect because it carries significant risk in a neonate, particularly when the lesion extends toward midline structures. E) Observation only is incorrect because active treatment with sclerotherapy is indicated and effective for macrocystic lymphatic malformations."
IHU^(kjd|I,anatomy,1,Not able to see a radiograph,2026-04-15 14:02:49.855085,2026-04-15 14:02:49.855085,true,false,"A 6-year-old male child is presented to the clinic by his mother due to her worry about an abnormality affecting the fifth digit of his right hand. She reports that this abnormality has existed for about 3 years but has become increasingly noticeable over the past year. During physical examination, the patient demonstrates ability to bend the proximal interphalangeal joint but is unable to straighten it past the position depicted in the radiograph. The fifth digit of his left hand shows similar involvement, though to a lesser degree. What is the most probable diagnosis?
A) Camptodactyly
B) Delta phalanx
C) Kirner deformity
D) Symphalangism
E) Trigger finger","A)
Camptodactyly is the correct diagnosis because it presents as a congenital flexion contracture of the proximal interphalangeal joint that becomes more pronounced over time, matching this patient's presentation of progressive inability to extend the PIP joint beyond a fixed flexed position. The bilateral involvement with asymmetric severity is also characteristic of this condition. B) Delta phalanx is incorrect because it causes clinodactyly (angular deviation) rather than flexion contracture, and would show a triangular-shaped phalanx on radiographs. C) Kirner deformity is incorrect because it specifically affects the distal phalanx with palmar and radial curvature, typically occurring in preadolescence, not the PIP joint. D) Symphalangism is incorrect because it presents with complete joint stiffness and absence of flexion creases, whereas this patient can flex the joint. E) Trigger finger is incorrect because it most commonly affects the thumb's interphalangeal joint in children and involves a catching or locking mechanism rather than a fixed contracture."
n+gIB#1je},anatomy,1,no image,2026-05-02 20:07:06.005519,2026-05-02 20:07:06.005519,true,false,"A 6-month-old male infant has bilateral radial longitudinal deficiency with thumb hypoplasia. The X-ray is provided. What test would be most appropriate to exclude Fanconi anemia in this patient?
A) Bone marrow biopsy
B) Chromosomal breakage testing
C) Complete blood count with differential
D) Peripheral blood smear
E) Renal ultrasonography","B)
The correct answer is chromosomal breakage testing. This test is the most reliable method to diagnose Fanconi anemia in young children with radial longitudinal deficiency (RLD). Since children with Fanconi anemia typically do not develop aplastic anemia detectable on routine blood work until after age 3, chromosomal breakage testing allows for earlier identification of this potentially life-threatening condition. All children with RLD require comprehensive evaluation due to frequent associated syndromes including TAR syndrome, Holt-Oram syndrome, VACTERL syndrome, and Fanconi anemia. A is incorrect because bone marrow biopsy would not be diagnostic for Fanconi anemia in this age group and is more invasive than necessary. C is incorrect because complete blood counts are typically normal in young children with Fanconi anemia before age 3. D is incorrect because peripheral blood smears would not reveal the chromosomal abnormalities characteristic of Fanconi anemia. E is incorrect because while renal ultrasonography is part of the comprehensive workup for RLD, it does not specifically diagnose Fanconi anemia."
K57vp+$)4|,cleft-lip-palate,1,needs photo,2026-04-15 17:06:44.312632,2026-04-15 17:06:44.312632,true,false,"A 33-year-old female presents with hypernasal voice quality and air leakage through the nose during speech. She had tonsillectomy and adenoidectomy performed 10 weeks prior. Palatal transillumination findings are demonstrated. What is the most suitable treatment approach to restore normal speech function in this patient?
A) Autologous fat injection to tonsillar pillars
B) Orticochea pharyngeal reconstruction
C) Palatal repair surgery
D) Tensor veli palatini tendon fixation
E) Conservative management with speech therapy","C)
The transillumination image reveals the absence of a normal levator muscle sling characteristic of an occult submucous cleft palate. Velopharyngeal insufficiency following tonsillectomy is an uncommon but recognized complication, occurring in approximately 1:3000 to 1:10,000 cases. This complication typically affects patients with either hidden or obvious submucous cleft palate anatomy. The surgical principle involves either reconstructing normal anatomy through two-flap palatoplasty or reconnecting the levator muscles to create a functional sling. Palate lengthening procedures, such as Furlow repair, help seal nasal air escape and improve velopharyngeal function. A) Autologous fat injection to tonsillar pillars would not address the underlying levator muscle deficiency. B) Orticochea pharyngeal reconstruction is not the primary treatment for this specific anatomical defect. D) Tensor veli palatini tendon fixation stabilizes the tensor tympani tendon during cleft repair and maintains eustachian tube patency but does not correct velopharyngeal insufficiency. E) After 8 weeks of velopharyngeal insufficiency, speech therapy alone cannot overcome the structural absence of the levator muscle sling."
I<6WL!@^_),congenital-syndromes,1,Need image,2026-04-29 20:09:12.726071,2026-04-29 20:09:12.726071,true,false,"A 12-month-old male infant is brought to consultation by his primary care physician due to concerns about possible premature suture fusion. The child is otherwise well and meeting developmental targets normally. The family notes a prominent ridge along the center of his forehead that became apparent around 3 months of age. Clinical evaluation reveals a palpable central ridge with otherwise normal facial appearance. Imaging studies ordered by the referring physician are provided. What is the most suitable treatment approach?
A) Additional radiographic imaging with plain films
B) Minimally invasive strip craniectomy followed by cranial molding helmet
C) Frontal bone and orbital rim reconstruction
D) Genetic analysis for fibroblast growth factor receptor mutations (types 1, 2, and 3)
E) Continued monitoring without intervention","E)
The appropriate management is continued observation without surgical intervention. The metopic suture differs from other skull sutures because it physiologically closes within the first year of life, unlike other cranial sutures that remain open until the third decade. Therefore, finding a fused metopic suture at 12 months is within normal limits. True pathological metopic synostosis produces trigonocephaly, characterized by triangular head shape with midline frontal prominence, narrowed frontal and lateral orbital regions, widened parietal areas, and closely spaced eyes. This patient exhibits only an isolated metopic ridge, which represents a normal anatomical variation rather than pathological fusion. The cranial and facial morphology determines whether surgical correction is needed. A is incorrect because the CT imaging already confirms metopic fusion, making additional plain radiographs unnecessary for diagnosis. B is incorrect because this patient has normal facial contours without trigonocephaly, so surgery is not indicated; additionally, endoscopic techniques are typically ineffective beyond 3 months of age. C is incorrect because the normal facial appearance and absence of trigonocephaly do not warrant major reconstructive surgery. D is incorrect because fibroblast growth factor receptor mutations are associated with coronal synostosis, not isolated metopic synostosis."
M=KG7$NS/Z,congenital-syndromes,1,Need image,2026-04-29 19:52:20.643711,2026-04-29 19:52:20.643711,true,false,"A 14-year-old male presents to the emergency room following trauma from a fall. Clinical examination reveals muscle entrapment within the orbit. Imaging studies have been obtained. Operative intervention is being considered. What is the most suitable surgical approach for making an incision in this case?
A) Bicoronal
B) Lateral brow
C) Orbital rim
D) Subciliary
E) Transcaruncular","E)
The transcaruncular approach is the optimal choice for this isolated medial orbital wall fracture with medial rectus muscle entrapment. This technique provides excellent access to the medial wall and can be combined with other approaches if needed for floor involvement. A) Bicoronal incision is incorrect because it provides unnecessary extensive exposure with higher morbidity including increased bleeding and scarring, making it excessive for a simple medial wall fracture. B) Lateral brow incision is incorrect as it does not provide adequate visualization or access to the medial orbital wall where the fracture is located. C) Orbital rim incision is incorrect because it fails to give sufficient exposure to properly address the entrapped medial rectus muscle and repair the medial wall defect. D) Subciliary incision is incorrect since it primarily accesses the orbital floor rather than the medial wall where the pathology exists."
o}AZZ8U:@i,congenital-syndromes,1,Need image,2026-05-03 13:32:55.928565,2026-05-03 13:32:55.928565,true,false,"A 5-year-old child presents with progressive downward and outward displacement of the left eye and double vision that has worsened over 18 months. Medical history reveals surgical repair with open reduction and internal fixation of a frontal bone fracture when the child was 2 years old. An accompanying image demonstrates the current condition. Which of the following factors during the initial surgical repair most likely led to this deformity?
A) Inadequate frontal sinus obliteration
B) Unrecognized dural tear and deficiency
C) Incomplete repair of periorbital tissue tears
D) Improper bone fragment alignment during fixation
E) Application of resorbable fixation plates","B)
The correct answer is B because unrecognized dural tears in pediatric skull fractures can lead to growing skull fractures (GSF) when cerebrospinal fluid pulsations prevent proper healing and cause progressive bone separation. Early recognition and repair of dural defects prevents GSF development and associated complications like orbital displacement. A is incorrect because the frontal sinus doesn't develop until around age 2 and wasn't present during the original injury, making obliteration unnecessary. C is incorrect because periorbital laceration repair doesn't prevent growing skull fractures. D is incorrect because poor bone alignment alone doesn't cause progressive deformity without underlying dural pathology. E is incorrect because absorbable plates are not associated with growing skull fracture development."
pk9^~tk~ne,congenital-syndromes,1,need photo,2026-04-15 18:56:06.406633,2026-04-15 18:56:06.406633,true,false,"In normal development, which cranial suture (A-E) shown in the illustrations undergoes closure earliest?
A) Sagittal
B) Metopic
C) Coronal
D) Lambdoid
E) Squamosal","B)
Normal physiologic closure of the metopic suture occurs earliest among all cranial sutures. Contemporary research indicates closure begins earlier than previously documented, potentially starting as early as 6 months of age. The remaining sutures close significantly later in life: the sagittal suture closes around 22 years, the coronal suture at approximately 24 years, the lambdoid suture near 26 years, and the squamosal suture at about 35 years of age. A is incorrect because the sagittal suture closes much later at around 22 years. C is incorrect because the coronal suture closes at approximately 24 years. D is incorrect because the lambdoid suture closes around 26 years. E is incorrect because the squamosal suture is the last to close at about 35 years."
s.b)bEvZbq,congenital-syndromes,1,need photo,2026-04-14 20:50:19.003036,2026-04-14 20:50:19.003036,true,false,"A 30-year-old female patient presents with the dental configuration illustrated in the provided diagram. Which of the following most accurately characterizes this dental relationship?
A) Angle class I
B) Angle class II
C) Angle class III
D) Negative overjet
E) Overbite","B)
The images demonstrate an Angle class II relationship. The Angle classification describes the positional relationship between the maxillary first molar's mesial buccal cusp and the mandibular first molar's buccal groove. In class II, the maxillary mesiobuccal cusp sits anterior to the mandibular buccal groove. Option A is incorrect because class I involves alignment of the mesiobuccal cusp with the buccal groove. Option C is incorrect because class III occurs when the maxillary mesiobuccal cusp lies posterior to the mandibular buccal groove. Option D is incorrect because negative overjet refers to a specific horizontal discrepancy, not the molar relationship shown. Option E is incorrect because overbite describes vertical overlap between central incisor incisal surfaces, not the molar relationship demonstrated in this case."
t4<zech$&q,congenital-syndromes,1,Need photo,2026-04-29 19:50:41.817953,2026-04-29 19:50:41.817953,true,false,"A 55-year-old man seeks consultation following Mohs micrographic surgery for removal of the nasal lesion depicted. The resulting defect is 1.2 × 1.4 cm and reaches but does not penetrate the underlying cartilage. The patient expresses significant concern regarding cosmetic appearance. Which of the following represents the optimal treatment approach?
A) Bilobed flap from the nose
B) Full-thickness skin graft
C) Paramedian forehead flap
D) Purse-string closure
E) Split-thickness skin graft","A)

A bilobed flap is the most appropriate choice for this 1.2 × 1.4 cm defect (approximately 12-14 mm), as it falls within the ideal size range of 10-15 mm for this single-stage technique. The bilobed flap provides excellent color and texture matching for nasal sidewall reconstruction with superior cosmetic results. B is incorrect because full-thickness skin grafts often result in color and texture mismatch with a patch-like appearance and may contract, distorting nasal shape. C is incorrect because paramedian forehead flaps are reserved for larger defects greater than 15 mm and would be excessive for this size defect. D is incorrect because purse-string closure would create excessive tension and distortion for a defect of this size. E is incorrect because split-thickness skin grafts provide poor cosmetic results with significant color mismatch and contraction."
y:O1=v/U*$,ear-reconstruction,1,need photo,2026-04-13 21:18:33.234448,2026-04-13 21:18:33.234448,true,false,"A 7-year-old female child is being assessed for the ear malformation depicted. Temporal bone CT imaging of the affected ear reveals absence of both the stapes and incus bones. Reconstruction utilizing autologous rib cartilage is being planned. The child's parents ask about possibilities for enhancing hearing in the affected ear. Which of the following represents the most suitable recommendation?
A) Canal atresia correction should occur following ear reconstruction
B) Canal atresia correction should occur prior to ear reconstruction
C) A bone-conduction hearing device should be implanted following ear reconstruction
D) A bone-conduction hearing device should be implanted prior to ear reconstruction
E) Auditory improvement is not possible for this patient","C)

The most appropriate response is option C. Staged reconstruction using autologous cartilage remains the preferred method for correcting microtia. The timing and approach for addressing associated hearing impairment depends on whether the condition is unilateral or bilateral, whether external ear construction is planned, and the status of middle ear anatomy. For this patient with absent stapes and incus, the Jahrsdoerfer scoring system would yield a maximum score of 5 points (losing points for anotia, absent stapes, and absent incus), making middle ear reconstruction contraindicated and unlikely to succeed. A bone-anchored hearing aid (BAHA) provides superior hearing restoration compared to atresia repair in such cases and should be placed after completing the autologous ear reconstruction to avoid interference with the surgical process. Option A is incorrect because atresia repair would not be successful given the poor anatomy score. Option B is incorrect for the same reason and wrong timing. Option D is incorrect because BAHA placement should follow, not precede, ear reconstruction. Option E is incorrect because BAHA can effectively improve hearing in this scenario."
BK3@V!)!>m,hand-digit-trauma,1,Need photo,2026-04-28 20:02:41.046324,2026-04-28 20:02:41.046324,true,false,"What provides the vascular supply to the flap used for fingertip reconstruction as depicted?
A) Distally based circulation from the opposite digital artery
B) Dorsal penetrating blood vessels
C) Perineural penetrating blood vessels
D) Proximally based circulation from the same-side digital artery","A)
The answer is A. A reverse homodigital island flap is demonstrated, which is a distally based flap effective for fingertip injury repair. The arterial blood supply originates from the opposite digital artery through the crossing ladder vessels of the palmar digital arch located just dorsal to the volar plate at each joint level. This procedure requires sacrificing the same-side digital artery, and careful preservation of the digital nerve is essential during skin paddle elevation. The donor area typically requires skin grafting. B is incorrect because dorsal perforating vessels do not provide the primary blood supply for this specific flap design. C is incorrect because perineural perforating vessels are not the main vascular source for this reconstruction technique. D is incorrect because the flap is distally based from the contralateral artery, not proximally based from the ipsilateral artery."
FG~Iz]D-Fs,hand-digit-trauma,1,Need image,2026-05-03 13:07:49.105041,2026-05-03 13:07:49.105041,true,false,"An 11-year-old healthy boy presents to the emergency department with increasing erythema and discomfort at the location of a finger injury. The child injured his left middle finger 3 weeks prior during play-wrestling with his sibling. Initially, there was swelling and tenderness of the digit, but the discomfort subsided rapidly and no medical attention was obtained. His mother notes she observed a small protrusion on the back of the finger afterward. Two days ago, the child developed redness and pain at the same location, which have progressively worsened. Imaging studies and radiographs are provided. What is the most probable etiology of this patient's current presentation?
A) Nail biting habits
B) Contact with Pasteurella organisms
C) Avulsion of the flexor tendon
D) Compromised immune system
E) Entrapped nail bed tissue","E)
This patient presents with a Seymour fracture, which is a juxta-epiphyseal open fracture of the distal phalanx, demonstrated by the eponychial disruption and characteristic fracture pattern on radiographic imaging. These represent open fractures commonly associated with nail bed lacerations. Due to delayed treatment, the patient has developed secondary osteomyelitis. The entrapped germinal matrix (nail bed tissue) within the fracture site is the primary cause of the patient's symptoms and complications. A) Nail biting habits is incorrect because this typically causes nontraumatic paronychia rather than post-traumatic osteomyelitis following a fracture. B) Pasteurella exposure is incorrect as this organism is associated with animal bites, not wrestling injuries, and is not the primary pathogen in Seymour fracture infections. C) Flexor tendon avulsion is incorrect because this injury (jersey finger) is typically closed and would present with inability to flex the distal interphalangeal joint, not with the open fracture pattern seen here. D) Compromised immune system is incorrect as healthy children can develop infections from these injuries, and there is no evidence of immunocompromise in this case."
Ha</)}p5D6,hand-tumors,1,no photo,2026-04-24 18:43:09.215255,2026-04-24 18:43:09.215255,true,false,"An 18-month-old male child presents to the clinic with a 3-month history of fast-growing masses on his middle and fourth fingers (illustrated). Histopathological examination of tissue from an incisional biopsy of the fourth finger lesion reveals interwoven fibroblasts and distinctive eosinophilic cytoplasmic inclusion bodies. What is the most suitable next management step?
A) Prescribing acyclovir therapy
B) Performing distal digit amputations
C) Ordering magnetic resonance imaging
D) Monitoring for spontaneous regression
E) Complete surgical excision of both masses with full-thickness skin reconstruction","E)
This represents the typical presentation of infantile digital fibromatosis, which requires complete wide excision and reconstruction, often utilizing full-thickness skin grafts or local flap coverage, as incomplete removal results in tumor recurrence. A) is incorrect because acyclovir is used for herpetic whitlow, not fibromatosis, and is not recommended for children under 2 years due to unestablished safety. B) is incorrect because distal finger amputation represents excessive and unnecessary treatment for this benign condition. C) is incorrect because MRI does not provide additional benefit in determining tumor extent or distinguishing this lesion from other conditions. D) is incorrect because although spontaneous regression may occur in some cases, these tumors can cause finger deformities if left untreated and must be differentiated from fibrosarcoma."
LJAWEF/r1w,hand-tumors,1,needs photo,2026-04-08 23:53:15.300701,2026-04-08 23:53:15.300701,true,false,"A 52-year-old woman presents to the clinic with a 9-month history of nail abnormality as depicted. Physical examination reveals thin skin covering a mass in the eponychial area. The digit is painless on examination. Her main concern is the cosmetic appearance of the nail. What is the most appropriate first step in treatment?
A) Surgical removal of the mass beneath the eponychial fold
B) Magnetic resonance imaging of the digit
C) Nail bed repair using split toenail bed graft
D) Destruction of the nail germinal matrix
E) Fluconazole therapy orally for 12 weeks","A)
Surgical removal of the mucous cyst (ganglion) beneath the eponychial fold that is distorting the germinal matrix is the most appropriate treatment for the nail groove depicted. Following cyst excision, the grooving should improve or completely resolve. B) is incorrect because MRI is primarily used for identifying glomus tumors and would add unnecessary cost without changing management. C) is incorrect because split sterile matrix grafting is used for nonadherent nail plates from sterile matrix loss, which is not evident here. D) is incorrect because germinal matrix ablation is reserved for cases of split or thin nails after germinal matrix trauma, not for mucous cyst-related deformities. E) is incorrect because fluconazole treats onychomycosis, which presents with nail discoloration, loss of luster, and crumbling - none of which are present in this case."
N}V)fVYw4&,head-neck-tumors,1,Need image,2026-05-03 15:33:54.52964,2026-05-03 15:33:54.52964,true,false,"A 21-year-old female presents with painless swelling of the left mandible. A panoramic radiograph is provided. What is the most probable diagnosis?
A) Cherubism
B) Dentigerous cyst
C) Desmoid tumor
D) Giant cell tumor
E) Tuberous sclerosis","B)
The panoramic radiographic findings are most characteristic of a dentigerous cyst, which is also known as a follicular cyst. These are developmental cystic lesions, not neoplasms, that form when the dental follicle separates from an unerupted tooth crown. Dentigerous cysts develop during odontogenesis and have an odontogenic origin. The cyst wall is composed of reduced enamel epithelium that normally participates in enamel formation. When this epithelium fails to integrate with the gingiva after enamel completion, fluid can collect between the epithelium and the unerupted tooth crown, forming a cyst. These lesions most frequently occur around impacted mandibular third molars and typically affect adolescents and young adults. They manifest as painless jaw expansion and radiographically appear as well-defined, unilocular radiolucent areas, commonly with a sclerotic border. The spatial relationship between the cyst and associated tooth can vary. A) Cherubism is incorrect because it is a rare hereditary condition affecting children where jaw bones are replaced by fibrous tissue and multiple cysts, causing bilateral facial swelling. C) Desmoid tumor is incorrect because these are solid fibrous masses that appear more aggressive and erosive radiographically. D) Giant cell tumor is incorrect because it presents as a solid lesion with more destructive radiographic features rather than a well-circumscribed cystic appearance. E) Tuberous sclerosis is incorrect because associated jaw lesions are typically solid bony growths, not cystic lesions."
sMZoD.._aD,head-neck-tumors,1,Need image,2026-05-06 00:29:09.178694,2026-05-06 00:29:09.178694,true,false,"Based on the panoramic radiograph (Panorex) provided, what is the most probable diagnosis for these bilateral expansile lesions?
A) Ameloblastoma
B) Central giant cell granulomas (CGCG)
C) Neurofibromas
D) Odontogenic keratocysts
E) Osteosarcoma","C)
Bilateral expansile lesions involving the inferior alveolar nerve canal are characteristic of neurofibroma. These lesions demonstrate expansion without local bone destruction, which is typical for neurofibromas. A is incorrect because ameloblastomas typically show locally destructive bone changes. B is incorrect because central giant cell granulomas usually present as multilocular lesions with cortical rupture and root resorption. D is incorrect because odontogenic keratocysts commonly cause local bone destruction. E is incorrect because osteosarcoma invariably demonstrates cortical destruction and aggressive bone changes."
I|+!>M$H*I,mandible-dental-orthognathic,1,need photo,2026-04-14 20:51:52.117195,2026-04-14 20:51:52.117195,true,false,"A 66-year-old male presents for follow-up 7 months following surgical removal of a T4 N1 M0 squamous cell carcinoma located in the retromolar trigone area, which included alveolar bone removal and subsequent soft tissue reconstruction using a platysma flap. Following surgery, he underwent radiation treatment to the primary site (60 Gy) and bilateral neck regions (64 Gy). Radiation treatment was completed 5 months prior. Current examination reveals a foul-smelling, painful region of exposed, soft bone at the surgical location. A panoramic radiograph (Panorex) is provided. Several tissue samples show no evidence of tumor recurrence. What is the most suitable treatment approach?
A) Extended intravenous antimicrobial treatment
B) Surgical reduction with internal hardware placement
C) Segmental bone removal with vascularized tissue reconstruction
D) Removal of dead bone fragments","C)
The patient has developed osteoradionecrosis of the mandible, which occurs in up to 40% of patients receiving adjuvant radiation for head and neck cancers due to reduced oxygen, blood supply, cellular activity, and impaired collagen formation. This condition is defined as exposed irradiated bone that fails to heal for over 3 months. Treatment varies based on disease extent. For extensive mandibular destruction or pathologic fractures as shown here, complete removal of all necrotic bone and tissue followed by reconstruction with vascularized bone and soft tissue is required, achieving successful healing in 80-90% of cases. A) is incorrect because antibiotics alone cannot address the extensive bone necrosis and structural damage present. B) is incorrect because internal fixation cannot be performed on necrotic, non-viable bone tissue. D) is incorrect because simple removal of bone fragments (sequestrectomy) is insufficient for extensive disease requiring complete reconstruction."
Mo1dKW9IyO,mandible-dental-orthognathic,1,need CT scan images,2026-04-15 18:46:28.621957,2026-04-15 18:46:28.621957,true,false,"A 27-year-old male presents to the emergency room following trauma from a physical confrontation. Clinical examination reveals apparent dental misalignment with crossbite on the left side and open bite on the right side. Imaging studies demonstrate the findings shown on CT. Which muscle below is most likely causing these imaging and clinical findings?
A) Genioglossus
B) Lateral pterygoid
C) Masseter
D) Medial pterygoid
E) Mylohyoid","B)
This patient exhibits classic radiographic and clinical signs of a right subcondylar mandibular fracture. The lateral pterygoid muscle causes anteromedial displacement of the condylar fragment away from the glenoid fossa, as this muscle normally pulls the condyle forward over the temporal bone's articular eminence during jaw opening. This displacement reduces the mandibular ramus height and creates early contact on the injured side, resulting in the characteristic pattern of subcondylar fractures: same-side crossbite and opposite-side open bite. A) Genioglossus is incorrect because it is a tongue muscle that runs along the mouth floor and primarily affects body and parasymphyseal fracture displacement. C) Masseter is incorrect because it forms part of the pterygomasseteric sling with the medial pterygoid, which primarily displaces angle and body fractures rather than condylar fractures. D) Medial pterygoid is incorrect because it also forms the pterygomasseteric sling and affects mandibular angle/body fractures, not condylar displacement. E) Mylohyoid is incorrect because it is a floor-of-mouth muscle that influences fracture displacement in the mandibular body and parasymphyseal areas, not the condylar region."
eIx9vx;278,mandible-dental-orthognathic,1,No CT image displayed with the question.,2026-04-12 20:45:32.566679,2026-04-12 20:45:32.566679,true,false,"A 16-year-old female presents to the emergency room following mandibular fractures from a vehicle rollover accident. She requires intubation during initial assessment due to compromised airway. Imaging reveals the fracture pattern shown on CT. What is the most suitable management approach for this injury pattern?
A) Intermaxillary fixation alone
B) Conservative management with dietary modifications
C) Surgical repair with internal fixation of both right body and left angle fractures
D) Surgical repair with internal fixation limited to the right body fracture
E) Delayed mandibular reconstruction after 6-week healing period","C)
Surgical repair with internal fixation of both right body and left angle fractures is correct because the CT demonstrates significantly displaced fractures at both the right body and left angle that require anatomical reduction and rigid fixation to restore proper occlusion and function. A is incorrect because intermaxillary fixation alone cannot adequately reduce and stabilize an angle fracture, which typically requires plate fixation. B is incorrect because conservative management is inappropriate for significantly displaced mandibular fractures that require surgical intervention for optimal healing. D is incorrect because treating only the body fracture while leaving the displaced angle fracture untreated would result in malocclusion and functional impairment. E is incorrect because current standards favor immediate primary repair rather than delayed reconstruction, which leads to better outcomes and avoids complications from prolonged healing in malposition."
"kjz5o;Pl,A",mandible-dental-orthognathic,1,need photo and better wording of the answer choices,2026-04-15 18:53:49.615625,2026-04-15 18:53:49.615625,true,false,"An 18-year-old male visits the clinic due to chin swelling. A panoramic radiograph is provided. What type of cyst is most probable?
A) Follicular
B) Gum-related
C) Root tip
D) Developmental
E) Remaining","A)
This radiographic appearance is most characteristic of a dentigerous (follicular) cyst, which is the second most frequent odontogenic cyst. These cysts develop around the crown of an impacted tooth, typically showing a radiolucent area attached at an acute angle to the unerupted tooth. Third molars are most commonly affected. B is incorrect because gingival cysts are superficial lesions in the gum tissue and wouldn't present with this deep radiographic appearance. C is incorrect because periapical cysts occur at the root tip of infected teeth and would show lucency at the tooth apex, not around the crown. D is incorrect because primordial cysts develop in place of a tooth rather than around an existing unerupted tooth. E is incorrect because residual cysts are remnants of periapical cysts that remain after tooth extraction, which doesn't match this clinical scenario."
rb#%dJ2vtQ,mandible-dental-orthognathic,1,No CT image provided with the question.,2026-04-12 21:02:55.247051,2026-04-12 21:02:55.247051,true,false,"A 4-year-old female patient presents to the emergency room for assessment of jaw fractures 12 hours following a horse kick to the face. Clinical examination reveals an anterior open bite with bilateral crossbites. CT imaging is provided. What is the most suitable treatment approach at this time?
A) Closed reduction of all jaw fractures with intermaxillary fixation
B) Open reduction and internal fixation of all jaw fractures
C) Open reduction and internal fixation of parasymphyseal and condylar fractures, closed reduction of ramus fracture, with intermaxillary fixation
D) Open reduction and internal fixation of parasymphyseal fracture, closed reduction of condylar and ramus fractures, with intermaxillary fixation
E) Conservative observation only","D)
Pediatric mandibular fractures require more conservative treatment compared to adult fractures due to mixed dentition, skeletal elasticity, and bone remodeling potential during growth. Surgical intervention must consider potential growth disturbances. The displaced parasymphyseal fracture requires open reduction and internal fixation for stability, while the condylar and ramus fractures can be managed with closed reduction and intermaxillary fixation. A is incorrect because closed reduction alone won't provide adequate stability for the displaced parasymphyseal fracture. B is incorrect because the condylar fracture fragments are too small for internal fixation due to their intracapsular location. C is incorrect because the condylar fracture cannot be internally fixated due to fragment size limitations. E is incorrect because the extent and displacement of fractures necessitate active treatment rather than observation alone."
xM_f~OpEyI,mandible-dental-orthognathic,1,need photo,2026-04-14 21:00:59.87765,2026-04-14 21:00:59.87765,true,false,"A 25-year-old male presents to the emergency room 2 hours following a punch to the left facial region. Clinical evaluation reveals left-sided facial edema. A panoramic radiograph (Panorex) was performed as shown. What is the most suitable treatment approach?
A) Remove all portions of the left mandibular third molar and apply maxillomandibular fixation (MMF) for 2 weeks
B) Remove all portions of the left mandibular third molar and apply MMF for 6 weeks
C) Remove all portions of the left mandibular third molar, apply MMF, and perform open reduction with internal fixation (ORIF)
D) Wire the left mandibular third molar to the neighboring tooth for stabilization, apply MMF, and perform ORIF
E) Maintain the third molar, apply MMF, and perform ORIF","C)
The radiographic study demonstrates a root fracture, requiring complete tooth and root removal. Tooth extraction is indicated when the tooth lies within the fracture line and MMF is needed to restore proper occlusion. The left parasymphyseal and comminuted left angle fractures require management, with the parasymphyseal fracture specifically needing open reduction and internal fixation to prevent lateral displacement of the left mandibular body caused by masseter muscle pull. A is incorrect because 2 weeks of MMF is insufficient for proper healing. B is incorrect because MMF alone without ORIF would not adequately address the parasymphyseal fracture. D is incorrect because attempting to preserve a fractured tooth root through ligation is inappropriate. E is incorrect because keeping a tooth with a fractured root in the fracture line increases infection risk and complications."
Bkie{;QSdf,wrist-forearm-injuries,1,Need image,2026-05-03 12:53:30.403271,2026-05-03 12:53:30.403271,true,false,"A 37-year-old carpenter presents to the emergency department following a 10-foot fall from scaffolding. He reports left wrist pain and loss of sensation in the thumb, index, and middle fingers of his left hand. Initial trauma evaluation reveals no additional injuries, and left wrist radiographs are obtained (displayed). What is the most appropriate management?
A) Finger trap application with traction placement
B) Closed reduction with carpal tunnel decompression
C) Open reduction with internal fixation
D) Wrist immobilization in 30 degrees of extension
E) Complete wrist arthrodesis","C)
Open reduction with internal fixation is the correct treatment for this perilunate dislocation. These high-energy wrist injuries disrupt both carpal arcs and require surgical restoration of carpal alignment with ligament repair and rigid internal fixation of any associated fractures like the scaphoid to prevent poor long-term outcomes. A) is incorrect because finger trap traction alone cannot adequately reduce the dislocation or address the need for ligament repair and internal fixation. B) is incorrect because closed reduction without internal fixation has been shown to result in poor long-term outcomes, and carpal tunnel release alone doesn't address the primary injury. D) is incorrect because simple splinting in extension is appropriate for carpal tunnel syndrome but inadequate for perilunate dislocations which require surgical reduction and stabilization. E) is incorrect because total wrist fusion is reserved for salvage procedures in chronic cases with nonreconstructible damage, not as acute treatment."
